ID_Liga,Nombre_Liga,Tipo,Pais,Codigo_Pais
4,Euro Championship,Cup,World,
21,Confederations Cup,Cup,World,
62,Ligue 2,League,France,FR
61,Ligue 1,League,France,FR
144,Jupiler Pro League,League,Belgium,BE
71,Serie A,League,Brazil,BR
39,Premier League,League,England,GB-ENG
78,Bundesliga,League,Germany,DE
135,Serie A,League,Italy,IT
88,Eredivisie,League,Netherlands,NL
94,Primeira Liga,League,Portugal,PT
140,La Liga,League,Spain,ES
179,Premiership,League,Scotland,GB-SCT
180,Championship,League,Scotland,GB-SCT
1,World Cup,Cup,World,
803,Asian Games,Cup,World,
804,Caribbean Cup,Cup,World,
390,Premier League,League,Lebanon,LB
261,National Division,League,Luxembourg,LU
306,Second Division,League,Qatar,QA
305,Stars League,League,Qatar,QA
40,Championship,League,England,GB-ENG
46,EFL Trophy,Cup,England,GB-ENG
45,FA Cup,Cup,England,GB-ENG
47,FA Trophy,Cup,England,GB-ENG
48,League Cup,Cup,England,GB-ENG
43,National League,League,England,GB-ENG
41,League One,League,England,GB-ENG
42,League Two,League,England,GB-ENG
568,Eerste Divisie,League,Suriname,SR
571,Vysshaya Liga,League,Tajikistan,TJ
586,West Bank Premier League,League,Palestine,PS
588,National League,League,Myanmar,MM
591,Pro League,League,Trinidad-And-Tobago,TT
335,Cup,Cup,Ukraine,UA
336,Druha Liga,League,Ukraine,UA
334,Persha Liga,League,Ukraine,UA
333,Premier League,League,Ukraine,UA
301,Pro League,League,United-Arab-Emirates,AE
303,Division 1,League,United-Arab-Emirates,AE
302,League Cup,Cup,United-Arab-Emirates,AE
269,Segunda División,League,Uruguay,UY
202,Ligue 1,League,Tunisia,TN
203,Süper Lig,League,Turkey,TR
204,1. Lig,League,Turkey,TR
205,2. Lig,League,Turkey,TR
206,Cup,Cup,Turkey,TR
552,3. Lig - Group 1,League,Turkey,TR
553,3. Lig - Group 2,League,Turkey,TR
554,3. Lig - Group 3,League,Turkey,TR
63,National 1,League,France,FR
66,Coupe de France,Cup,France,FR
65,Coupe de la Ligue,Cup,France,FR
67,National 2 - Group A,League,France,FR
68,National 2 - Group B,League,France,FR
69,National 2 - Group C,League,France,FR
70,National 2 - Group D,League,France,FR
7,Asian Cup,Cup,World,
8,World Cup - Women,Cup,World,
186,Ligue 1,League,Algeria,DZ
187,Ligue 2,League,Algeria,DZ
512,2nd Division - Group A,League,Albania,AL
513,2nd Division - Group B,League,Albania,AL
312,1a Divisió,League,Andorra,AD
313,2a Divisió,League,Andorra,AD
131,Primera B Metropolitana,League,Argentina,AR
129,Primera Nacional,League,Argentina,AR
132,Primera C,League,Argentina,AR
133,Primera D,League,Argentina,AR
134,Torneo Federal A,League,Argentina,AR
188,A-League,League,Australia,AU
191,Brisbane Premier League,League,Australia,AU
193,Northern Territory Premier League,League,Australia,AU
220,Cup,Cup,Austria,AT
219,2. Liga,League,Austria,AT
218,Bundesliga,League,Austria,AT
418,Birinci Dasta,League,Azerbaijan,AZ
419,Premyer Liqa,League,Azerbaijan,AZ
222,Regionalliga - Mitte,League,Austria,AT
221,Regionalliga - Ost,League,Austria,AT
223,Regionalliga - West,League,Austria,AT
110,Premier League,League,Wales,GB-WLS
112,Welsh Cup,Cup,Wales,GB-WLS
299,Primera División,League,Venezuela,VE
300,Segunda División,League,Venezuela,VE
406,Professional League,League,Oman,OM
322,Premier League,League,Jamaica,JM
387,League,League,Jordan,JO
388,1. Division,League,Kazakhstan,KZ
330,Premier League,League,Kuwait,KW
119,Superliga,League,Denmark,DK
120,1. Division,League,Denmark,DK
124,Denmark Series - Group 1,League,Denmark,DK
125,Denmark Series - Group 2,League,Denmark,DK
126,Denmark Series - Group 3,League,Denmark,DK
234,Liga Nacional,League,Honduras,HN
381,HKFA 1st Division,League,Hong-Kong,HK
380,Premier League,League,Hong-Kong,HK
273,Magyar Kupa,Cup,Hungary,HU
271,NB I,League,Hungary,HU
272,NB II,League,Hungary,HU
233,Premier League,League,Egypt,EG
370,Primera Division,League,El-Salvador,SV
328,Esiliiga A,League,Estonia,EE
329,Meistriliiga,League,Estonia,EE
326,Erovnuli Liga 2,League,Georgia,GE
570,Premier League,League,Ghana,GH
377,Division d'Honneur,League,Guadeloupe,GP
339,Liga Nacional,League,Guatemala,GT
338,Primera Division,League,Guatemala,GT
199,Cup,Cup,Greece,GR
198,Football League,League,Greece,GR
197,Super League 1,League,Greece,GR
79,2. Bundesliga,League,Germany,DE
80,3. Liga,League,Germany,DE
529,Super Cup,Cup,Germany,DE
81,DFB Pokal,Cup,Germany,DE
15,FIFA Club World Cup,Cup,World,
2,UEFA Champions League,Cup,World,
311,1st Division,League,Albania,AL
310,Superliga,League,Albania,AL
422,Premier League,League,Barbados,BB
480,Olympics Men,Cup,World,
364,1. Liga,League,Latvia,LV
365,Virsliga,League,Latvia,LV
361,1 Lyga,League,Lithuania,LT
362,A Lyga,League,Lithuania,LT
528,Community Shield,Cup,England,GB-ENG
72,Serie B,League,Brazil,BR
75,Serie C,League,Brazil,BR
76,Serie D,League,Brazil,BR
585,Premier League,League,Uganda,UG
598,Première Division,League,Mali,ML
253,Major League Soccer,League,USA,US
257,US Open Cup,Cup,USA,US
268,Primera División - Apertura,League,Uruguay,UY
270,Primera División - Clausura,League,Uruguay,UY
369,Super League,League,Uzbekistan,UZ
296,Thai League 1,League,Thailand,TH
297,Thai League 2,League,Thailand,TH
551,Super Cup,Cup,Turkey,TR
366,1. Deild,League,Faroe-Islands,FO
367,Meistaradeildin,League,Faroe-Islands,FO
245,Ykkönen,League,Finland,FI
244,Veikkausliiga,League,Finland,FI
246,Suomen Cup,Cup,Finland,FI
247,Kakkonen - Lohko A,League,Finland,FI
248,Kakkonen - Lohko B,League,Finland,FI
249,Kakkonen - Lohko C,League,Finland,FI
526,Trophée des Champions,Cup,France,FR
242,Liga Pro,League,Ecuador,EC
243,Liga Pro Serie B,League,Ecuador,EC
539,Super Cup,Cup,Egypt,EG
535,CECAFA Senior Challenge Cup,Cup,World,
397,Girabola,League,Angola,AO
343,First League,League,Armenia,AM
342,Premier League,League,Armenia,AM
481,Northern NSW NPL,League,Australia,AU
116,Premier League,League,Belarus,BY
117,1. Division,League,Belarus,BY
118,2. Division,League,Belarus,BY
400,Super League,League,Zambia,ZM
340,V.League 1,League,Vietnam,VN
102,Emperor Cup,Cup,Japan,JP
101,J-League Cup,Cup,Japan,JP
98,J1 League,League,Japan,JP
99,J2 League,League,Japan,JP
100,J3 League,League,Japan,JP
389,Premier League,League,Kazakhstan,KZ
276,FKF Premier League,League,Kenya,KE
121,DBU Pokalen,Cup,Denmark,DK
379,Ligue Haïtienne,League,Haiti,HT
28,SAFF Championship,Cup,World,
505,League Cup,Cup,Singapore,SG
421,Division di Honor,League,Aruba,AW
420,Cup,Cup,Azerbaijan,AZ
298,FA Cup,Cup,Thailand,TH
376,National Football League,League,Fiji,FJ
64,Feminine Division 1,League,France,FR
3,UEFA Europa League,Cup,World,
327,Erovnuli Liga,League,Georgia,GE
378,Ligue 1,League,Guinea,GN
807,AFC Challenge Cup,Cup,World,
19,African Nations Championship,Cup,World,
24,ASEAN Championship,Cup,World,
37,World Cup - Qualification Intercontinental Play-offs,Cup,World,
520,Acreano,League,Brazil,BR
547,Super Cup,Cup,Italy,IT
519,Super Cup,Cup,Belgium,BE
527,Super Cup,Cup,Chile,CL
122,2. Division,League,Denmark,DK
123,2nd Division - Group 2,League,Denmark,DK
128,Liga Profesional Argentina,League,Argentina,AR
183,League One,League,Scotland,GB-SCT
184,League Two,League,Scotland,GB-SCT
6,Africa Cup of Nations,Cup,World,
9,Copa America,Cup,World,
363,Premier League,League,Ethiopia,ET
22,CONCACAF Gold Cup,Cup,World,
23,EAFF E-1 Football Championship,Cup,World,
27,OFC Champions League,Cup,World,
567,Ligi kuu Bara,League,Tanzania,TZ
255,USL Championship,League,USA,US
925,Super Cup,Cup,Czech-Republic,CZ
569,Premier League,League,Kyrgyzstan,KG
592,Division 2 - Norra Götaland,League,Sweden,SE
593,Division 2 - Norra Svealand,League,Sweden,SE
594,Division 2 - Norrland,League,Sweden,SE
595,Division 2 - Södra Svealand,League,Sweden,SE
596,Division 2 - Västra Götaland,League,Sweden,SE
597,Division 2 - Östra Götaland,League,Sweden,SE
511,Cup,Cup,Tunisia,TN
141,Segunda División,League,Spain,ES
136,Serie B,League,Italy,IT
103,Eliteserien,League,Norway,NO
89,Eerste Divisie,League,Netherlands,NL
95,Segunda Liga,League,Portugal,PT
113,Allsvenskan,League,Sweden,SE
162,Primera División,League,Costa-Rica,CR
164,Úrvalsdeild,League,Iceland,IS
169,Super League,League,China,CN
137,Coppa Italia,Cup,Italy,IT
200,Botola Pro,League,Morocco,MA
207,Super League,League,Switzerland,CH
210,HNL,League,Croatia,HR
235,Premier League,League,Russia,RU
239,Primera A,League,Colombia,CO
250,Division Profesional - Apertura,League,Paraguay,PY
73,Copa Do Brasil,Cup,Brazil,BR
90,KNVB Beker,Cup,Netherlands,NL
145,Challenger Pro League,League,Belgium,BE
173,Second League,League,Bulgaria,BG
170,League One,League,China,CN
189,Capital Territory NPL,League,Australia,AU
240,Primera B,League,Colombia,CO
211,First NL,League,Croatia,HR
138,Serie C - Girone A,League,Italy,IT
146,Super League Women,League,Belgium,BE
74,Brasileiro Women,League,Brazil,BR
44,FA WSL,League,England,GB-ENG
82,Frauen Bundesliga,League,Germany,DE
139,Serie A Women,League,Italy,IT
91,Eredivisie Women,League,Netherlands,NL
142,Primera División Femenina,League,Spain,ES
130,Copa Argentina,Cup,Argentina,AR
190,A-League Women,League,Australia,AU
236,First League,League,Russia,RU
165,1. Deild,League,Iceland,IS
251,Division Intermedia,League,Paraguay,PY
104,1. Division,League,Norway,NO
114,Superettan,League,Sweden,SE
208,Challenge League,League,Switzerland,CH
262,Liga MX,League,Mexico,MX
263,Liga de Expansión MX,League,Mexico,MX
259,Canadian Championship,Cup,Canada,CA
278,Super League,League,Malaysia,MY
279,Premier League,League,Malaysia,MY
280,Premiership,League,New-Zealand,NZ
281,Primera División,League,Peru,PE
282,Segunda División,League,Peru,PE
283,Liga I,League,Romania,RO
284,Liga II,League,Romania,RO
286,Super Liga,League,Serbia,RS
287,Prva Liga,League,Serbia,RS
288,Premier Soccer League,League,South-Africa,ZA
289,1st Division,League,South-Africa,ZA
290,Persian Gulf Pro League,League,Iran,IR
291,Azadegan League,League,Iran,IR
292,K League 1,League,South-Korea,KR
293,K League 2,League,South-Korea,KR
307,Pro League,League,Saudi-Arabia,SA
308,Division 1,League,Saudi-Arabia,SA
309,Division 2,League,Saudi-Arabia,SA
514,Coupe Nationale,Cup,Algeria,DZ
521,Amapaense,League,Brazil,BR
522,Amazonense,League,Brazil,BR
524,Olympics Women,Cup,World,
531,UEFA Super Cup,Cup,World,
543,Super Cup,Cup,Netherlands,NL
550,Super Cup,Cup,Portugal,PT
555,Supercupa,Cup,Romania,RO
556,Super Cup,Cup,Spain,ES
497,Japan Football League,League,Japan,JP
127,Denmark Series - Group 4,League,Denmark,DK
563,Ettan - Norra,League,Sweden,SE
564,Ettan - Södra,League,Sweden,SE
252,Division Profesional - Clausura,League,Paraguay,PY
166,2. Deild,League,Iceland,IS
368,Premier League,League,Singapore,SG
314,Cup,Cup,Bosnia,BA
315,Premijer Liga,League,Bosnia,BA
371,First League,League,Macedonia,MK
382,Liga Leumit,League,Israel,IL
383,Ligat Ha'al,League,Israel,IL
386,Ligue 1,League,Ivory-Coast,CI
392,Challenge League,League,Malta,MT
393,Premier League,League,Malta,MT
394,Super Liga,League,Moldova,MD
396,Primera Division,League,Nicaragua,NI
96,Taça de Portugal,Cup,Portugal,PT
399,NPFL,League,Nigeria,NG
401,Premier Soccer League,League,Zimbabwe,ZW
402,Sudani Premier League,League,Sudan,SD
403,Ligue 1,League,Senegal,SN
404,Campionato,League,San-Marino,SM
411,Elite One,League,Cameroon,CM
410,C-League,League,Cambodia,KH
417,Premier League,League,Bahrain,BH
415,Championnat National,League,Benin,BJ
414,Premier League,League,Bermuda,BM
413,Super League,League,Bhutan,BT
412,Premier League,League,Botswana,BW
398,Premier League,League,Bangladesh,BD
16,CONCACAF Champions League,Cup,World,
17,AFC Champions League,Cup,World,
25,Gulf Cup of Nations,Cup,World,
26,International Champions Cup,Cup,World,
317,1st League - RS,League,Bosnia,BA
316,1st League - FBiH,League,Bosnia,BA
295,K3 League,League,South-Korea,KR
495,Hazfi Cup,Cup,Iran,IR
496,Liga Alef,League,Israel,IL
506,2. liga,League,Slovakia,SK
805,Copa Centroamericana,Cup,World,
806,OFC Nations Cup,Cup,World,
488,U19 Bundesliga,League,Germany,DE
559,League Cup,Cup,Northern-Ireland,GB-NIR
560,Presidents Cup,Cup,United-Arab-Emirates,AE
561,Premier Intermediate League,League,Northern-Ireland,GB-NIR
407,Championship,League,Northern-Ireland,GB-NIR
408,Premiership,League,Northern-Ireland,GB-NIR
331,Division 1,League,Kuwait,KW
584,Premier League,League,Libya,LY
589,Taiwan Football Premier League,League,Chinese-Taipei,TW
258,Canadian Soccer League,League,Canada,CA
274,Liga 1,League,Indonesia,ID
304,Liga Panameña de Fútbol,League,Panama,PA
766,China Cup,Cup,World,
827,Crown Prince Cup,Cup,Saudi-Arabia,SA
372,Second League,League,Macedonia,MK
174,Cup,Cup,Bulgaria,BG
10,Friendlies,Cup,World,
14,UEFA Youth League,League,World,
18,AFC Cup,Cup,World,
20,CAF Confederation Cup,Cup,World,
38,UEFA U21 Championship,Cup,World,
425,Premier League,League,Syria,SY
77,Alagoano,Cup,Brazil,BR
337,Druha Liga - Group B,League,Ukraine,UA
185,League Cup,Cup,Scotland,GB-SCT
490,World Cup - U20,Cup,World,
492,Tweede Divisie,League,Netherlands,NL
498,Cup,Cup,Kazakhstan,KZ
504,King's Cup,Cup,Saudi-Arabia,SA
507,Cup,Cup,South-Africa,ZA
508,League Cup,Cup,South-Africa,ZA
510,1. Liga Promotion,League,Switzerland,CH
31,World Cup - Qualification CONCACAF,Cup,World,
32,World Cup - Qualification Europe,Cup,World,
33,World Cup - Qualification Oceania,Cup,World,
34,World Cup - Qualification South America,Cup,World,
29,World Cup - Qualification Africa,Cup,World,
30,World Cup - Qualification Asia,Cup,World,
149,Second Amateur Division - VFV A,League,Belgium,BE
150,Second Amateur Division - VFV B,League,Belgium,BE
151,Third Amateur Division - VFV A,League,Belgium,BE
152,Third Amateur Division - VFV B,League,Belgium,BE
175,Third League - Northeast,League,Bulgaria,BG
176,Third League - Northwest,League,Bulgaria,BG
177,Third League - Southeast,League,Bulgaria,BG
178,Third League - Southwest,League,Bulgaria,BG
49,National League - Play-offs,League,England,GB-ENG
491,Løgmanssteypid,Cup,Faroe-Islands,FO
493,UEFA U19 Championship,Cup,World,
499,Malaysia Cup,Cup,Malaysia,MY
530,Super Cup,Cup,Georgia,GE
516,Super Cup,Cup,Algeria,DZ
537,CONCACAF U20,Cup,World,
544,FA Cup,Cup,Hong-Kong,HK
545,AIFF Super Cup,Cup,India,IN
557,Super Cup,Cup,Norway,NO
256,USL League Two,League,USA,US
373,1. SNL,League,Slovenia,SI
374,2. SNL,League,Slovenia,SI
391,Super League,League,Malawi,MW
143,Copa del Rey,Cup,Spain,ES
405,National Soccer League,League,Rwanda,RW
409,Premier League,League,Namibia,NA
416,Premier League,League,Belize,BZ
212,Cup,Cup,Croatia,HR
384,State Cup,Cup,Israel,IL
285,Cupa României,Cup,Romania,RO
321,Cup,Cup,Cyprus,CY
106,Ekstraklasa,League,Poland,PL
172,First League,League,Bulgaria,BG
5,UEFA Nations League,Cup,World,
163,Liga de Ascenso,League,Costa-Rica,CR
111,FAW Championship,League,Wales,GB-WLS
265,Primera División,League,Chile,CL
266,Primera B,League,Chile,CL
277,Super League,League,Kenya,KE
318,1. Division,League,Cyprus,CY
319,2. Division,League,Cyprus,CY
320,3. Division,League,Cyprus,CY
201,Botola 2,League,Morocco,MA
323,Indian Super League,League,India,IN
324,I-League,League,India,IN
107,I Liga,League,Poland,PL
332,Super Liga,League,Slovakia,SK
345,Czech Liga,League,Czech-Republic,CZ
346,FNL,League,Czech-Republic,CZ
355,First League,League,Montenegro,ME
356,Second League,League,Montenegro,ME
344,Primera División,League,Bolivia,BO
718,Piala Indonesia,Cup,Indonesia,ID
808,CONCACAF Nations League - Qualification,Cup,World,
942,Serie C - Girone B,League,Italy,IT
943,Serie C - Girone C,League,Italy,IT
698,FA Women's Cup,Cup,England,GB-ENG
714,Cup,Cup,Egypt,EG
716,Senior Shield,Cup,Hong-Kong,HK
768,Arab Club Champions Cup,Cup,World,
769,Premier League Asia Trophy,Cup,World,
770,Pacific Games,Cup,World,
772,Leagues Cup,Cup,World,
773,Sudamericano U20,Cup,World,
638,Kvindeliga,League,Denmark,DK
642,Curaçao Sekshon Pagá,League,Curacao,CW
655,Copa Constitució,Cup,Andorra,AD
664,Superliga,League,Kosovo,XK
665,Cup,Cup,Kosovo,XK
677,QSL Cup,Cup,Qatar,QA
35,Asian Cup - Qualification,Cup,World,
224,Landesliga - Burgenland,League,Austria,AT
225,Landesliga - Karnten,League,Austria,AT
226,Landesliga - Niederosterreich,League,Austria,AT
227,Landesliga - Oberosterreich,League,Austria,AT
228,Landesliga - Salzburg,League,Austria,AT
229,Landesliga - Steiermark,League,Austria,AT
230,Landesliga - Tirol,League,Austria,AT
231,Landesliga - Vorarlbergliga,League,Austria,AT
232,Landesliga - Wien,League,Austria,AT
148,Second Amateur Division - ACFF,League,Belgium,BE
153,Provincial - Antwerpen,League,Belgium,BE
154,Provincial - Brabant VFV,League,Belgium,BE
155,Provincial - Hainaut,League,Belgium,BE
156,Provincial - Liege,League,Belgium,BE
157,Provincial - Limburg,League,Belgium,BE
158,Provincial - Luxembourg,League,Belgium,BE
159,Provincial - Namur,League,Belgium,BE
160,Provincial - Oost-Vlaanderen,League,Belgium,BE
161,Provincial - West-Vlaanderen,League,Belgium,BE
423,Ligue 1,League,Burkina-Faso,BF
424,Ligue 1,League,Congo-DR,CG
213,Third NL - Istok,League,Croatia,HR
214,Third NL - Jug,League,Croatia,HR
215,Third NL - Sjever,League,Croatia,HR
216,Third NL - Sredite,League,Croatia,HR
217,Third NL - Zapad,League,Croatia,HR
348,3. liga - CFL A,League,Czech-Republic,CZ
349,3. liga - MSFL,League,Czech-Republic,CZ
350,4. liga - Divizie A,League,Czech-Republic,CZ
351,4. liga - Divizie B,League,Czech-Republic,CZ
352,4. liga - Divizie C,League,Czech-Republic,CZ
353,4. liga - Divizie D,League,Czech-Republic,CZ
354,4. liga - Divizie E,League,Czech-Republic,CZ
50,National League - North,League,England,GB-ENG
51,National League - South,League,England,GB-ENG
52,Non League Div One - Isthmian North,League,England,GB-ENG
53,Non League Div One - Isthmian South Central,League,England,GB-ENG
54,Non League Div One - Northern West,League,England,GB-ENG
55,Non League Div One - Northern Midlands,League,England,GB-ENG
56,Non League Div One - Southern South,League,England,GB-ENG
57,Non League Div One - Isthmian South East,League,England,GB-ENG
58,Non League Premier - Isthmian,League,England,GB-ENG
59,Non League Premier - Northern,League,England,GB-ENG
60,Non League Premier - Southern South,League,England,GB-ENG
92,Derde Divisie - Saturday,League,Netherlands,NL
93,Derde Divisie - Sunday,League,Netherlands,NL
109,II Liga - East,League,Poland,PL
341,Cup,Cup,Vietnam,VN
238,Youth Championship,League,Russia,RU
83,Regionalliga - Bayern,League,Germany,DE
84,Regionalliga - Nord,League,Germany,DE
85,Regionalliga - Nordost,League,Germany,DE
86,Regionalliga - SudWest,League,Germany,DE
87,Regionalliga - West,League,Germany,DE
426,Serie D - Girone A,League,Italy,IT
427,Serie D - Girone B,League,Italy,IT
428,Serie D - Girone C,League,Italy,IT
429,Serie D - Girone D,League,Italy,IT
430,Serie D - Girone E,League,Italy,IT
431,Serie D - Girone F,League,Italy,IT
432,Serie D - Girone G,League,Italy,IT
433,Serie D - Girone H,League,Italy,IT
434,Serie D - Girone I,League,Italy,IT
435,Primera División RFEF - Group 1,League,Spain,ES
436,Primera División RFEF - Group 2,League,Spain,ES
437,Primera División RFEF - Group 3,League,Spain,ES
438,Primera División RFEF - Group 4,League,Spain,ES
439,Tercera División RFEF - Group 1,League,Spain,ES
440,Tercera División RFEF - Group 2,League,Spain,ES
441,Tercera División RFEF - Group 3,League,Spain,ES
442,Tercera División RFEF - Group 4,League,Spain,ES
443,Tercera División RFEF - Group 5,League,Spain,ES
444,Tercera División RFEF - Group 6,League,Spain,ES
445,Tercera División RFEF - Group 7,League,Spain,ES
446,Tercera División RFEF - Group 8,League,Spain,ES
447,Tercera División RFEF - Group 9,League,Spain,ES
448,Tercera División RFEF - Group 10,League,Spain,ES
449,Tercera División RFEF - Group 11,League,Spain,ES
450,Tercera División RFEF - Group 12,League,Spain,ES
451,Tercera División RFEF - Group 13,League,Spain,ES
452,Tercera División RFEF - Group 14,League,Spain,ES
453,Tercera División RFEF - Group 15,League,Spain,ES
454,Tercera División RFEF - Group 16,League,Spain,ES
455,Tercera División RFEF - Group 17,League,Spain,ES
456,Tercera División RFEF - Group 18,League,Spain,ES
457,Campeonato de Portugal Prio - Group A,League,Portugal,PT
458,Campeonato de Portugal Prio - Group B,League,Portugal,PT
459,Campeonato de Portugal Prio - Group C,League,Portugal,PT
460,Campeonato de Portugal Prio - Group D,League,Portugal,PT
461,National 3 - Group A,League,France,FR
462,National 3 - Group B,League,France,FR
463,National 3 - Group C,League,France,FR
464,National 3 - Group D,League,France,FR
465,National 3 - Group E,League,France,FR
466,National 3 - Group F,League,France,FR
467,National 3 - Group H,League,France,FR
468,National 3 - Group I,League,France,FR
469,National 3 - Group J,League,France,FR
470,National 3 - Group K,League,France,FR
471,National 3 - Group L,League,France,FR
472,National 3 - Group M,League,France,FR
473,2. Division - Group 1,League,Norway,NO
474,2. Division - Group 2,League,Norway,NO
484,Frauenliga,League,Austria,AT
485,Federation Cup,Cup,Bahrain,BH
486,Coppa,Cup,Belarus,BY
487,First Amateur Division,League,Belgium,BE
489,USL League One,League,USA,US
494,Super League 2,League,Greece,GR
501,Copa Paraguay,Cup,Paraguay,PY
502,Copa Bicentenario,Cup,Peru,PE
503,Copa Perú,Cup,Peru,PE
509,8 Cup,Cup,South-Africa,ZA
566,Ligue A,League,Burundi,BI
572,Srpska Liga - Belgrade,League,Serbia,RS
573,Srpska Liga - Vojvodina,League,Serbia,RS
574,Srpska Liga - East,League,Serbia,RS
575,Srpska Liga - West,League,Serbia,RS
576,Gamma Ethniki - Group 1,League,Greece,GR
577,Gamma Ethniki - Group 2,League,Greece,GR
578,Gamma Ethniki - Group 3,League,Greece,GR
579,Gamma Ethniki - Group 4,League,Greece,GR
580,Gamma Ethniki - Group 5,League,Greece,GR
581,Gamma Ethniki - Group 6,League,Greece,GR
582,Gamma Ethniki - Group 7,League,Greece,GR
583,Gamma Ethniki - Group 8,League,Greece,GR
587,World Cup - U17,Cup,World,
590,A Division,League,Nepal,NP
599,1. Liga Classic - Group 1,League,Switzerland,CH
600,1. Liga Classic - Group 2,League,Switzerland,CH
601,1. Liga Classic - Group 3,League,Switzerland,CH
613,Baiano - 2,League,Brazil,BR
620,Cearense - 2,League,Brazil,BR
625,Carioca - 2,League,Brazil,BR
633,NB III - Northeast,League,Hungary,HU
634,NB III - Southwest,League,Hungary,HU
635,NB III - Northwest,League,Hungary,HU
254,NWSL Women,League,USA,US
260,Pacific Coast Soccer League,League,Canada,CA
192,New South Wales NPL,League,Australia,AU
194,South Australia NPL,League,Australia,AU
195,Victoria NPL,League,Australia,AU
196,Western Australia NPL,League,Australia,AU
357,Premier Division,League,Ireland,IE
358,First Division,League,Ireland,IE
515,U21 League 1,League,Algeria,DZ
517,Trofeo de Campeones de la Superliga,Cup,Argentina,AR
518,Reserve Pro League,League,Belgium,BE
523,NISA,League,USA,US
525,UEFA Champions League Women,Cup,World,
533,CAF Super Cup,Cup,World,
534,CONCACAF Caribbean Club Shield,Cup,World,
546,FAI President's Cup,Cup,Ireland,IE
482,Queensland NPL,League,Australia,AU
275,Liga 2,League,Indonesia,ID
395,Liga 1,League,Moldova,MD
267,Copa Chile,Cup,Chile,CL
171,FA Cup,Cup,China,CN
241,Copa Colombia,Cup,Colombia,CO
147,Cup,Cup,Belgium,BE
167,Cup,Cup,Iceland,IS
168,League Cup,Cup,Iceland,IS
359,FAI Cup,Cup,Ireland,IE
360,League Cup,Cup,Ireland,IE
385,Toto Cup Ligat Al,Cup,Israel,IL
264,Copa MX,Cup,Mexico,MX
11,CONMEBOL Sudamericana,Cup,World,
12,CAF Champions League,Cup,World,
13,CONMEBOL Libertadores,Cup,World,
209,Schweizer Cup,Cup,Switzerland,CH
115,Svenska Cupen,Cup,Sweden,SE
375,Cup,Cup,Slovenia,SI
181,FA Cup,Cup,Scotland,GB-SCT
182,Challenge Cup,Cup,Scotland,GB-SCT
237,Cup,Cup,Russia,RU
97,Taça da Liga,Cup,Portugal,PT
108,Cup,Cup,Poland,PL
105,NM Cupen,Cup,Norway,NO
294,FA Cup,Cup,South-Korea,KR
325,Santosh Trophy,Cup,India,IN
347,Cup,Cup,Czech-Republic,CZ
565,Liga Primera U20,League,Nicaragua,NI
602,Baiano - 1,League,Brazil,BR
603,Paraibano,League,Brazil,BR
604,Catarinense - 1,League,Brazil,BR
605,Paulista - A3,League,Brazil,BR
606,Paranaense - 1,League,Brazil,BR
607,Roraimense,League,Brazil,BR
608,Maranhense,League,Brazil,BR
609,Cearense - 1,League,Brazil,BR
610,Brasiliense,League,Brazil,BR
611,Capixaba,League,Brazil,BR
612,Copa do Nordeste,Cup,Brazil,BR
614,Paranaense - 2,League,Brazil,BR
615,Rondoniense,League,Brazil,BR
616,Potiguar,League,Brazil,BR
617,Copa do Brasil U20,Cup,Brazil,BR
618,São Paulo Youth Cup,Cup,Brazil,BR
619,Mineiro - 2,League,Brazil,BR
621,Piauiense,League,Brazil,BR
622,Pernambucano - 1,League,Brazil,BR
623,Sul-Matogrossense,League,Brazil,BR
624,Carioca - 1,League,Brazil,BR
626,Sergipano,League,Brazil,BR
627,Paraense,League,Brazil,BR
628,Goiano - 1,League,Brazil,BR
629,Mineiro - 1,League,Brazil,BR
630,Matogrossense,League,Brazil,BR
631,Tocantinense,League,Brazil,BR
632,Supercopa do Brasil,Cup,Brazil,BR
636,Ýokary Liga,League,Turkmenistan,TM
637,V.League 2,League,Vietnam,VN
639,Super Cup,Cup,Iceland,IS
640,Kansallinen Liiga,League,Finland,FI
641,NWSL Women - Challenge Cup,Cup,USA,US
643,3. liga - Bratislava,League,Slovakia,SK
644,3. liga - West,League,Slovakia,SK
645,3. liga - East,League,Slovakia,SK
646,3. liga - Center,League,Slovakia,SK
647,Lao League,League,Laos,LA
648,Tasmania NPL,League,Australia,AU
649,Supreme Division Women,League,Russia,RU
650,Second League - Group 3,League,Russia,RU
651,Second League - Group 1,League,Russia,RU
652,Second League - Group 2,League,Russia,RU
653,Second League - Group 4,League,Russia,RU
654,Super Cup,Cup,Armenia,AM
656,Super Cup,Cup,Bulgaria,BG
657,Cup,Cup,Estonia,EE
658,Cup,Cup,Latvia,LV
659,Super Cup,Cup,Israel,IL
660,WK-League,League,South-Korea,KR
661,Cup,Cup,Lithuania,LT
662,Copa por México,Cup,Mexico,MX
663,Super Cup,Cup,Russia,RU
666,Friendlies Women,Cup,World,
667,Friendlies Clubs,Cup,World,
668,1. Liga U19,League,Czech-Republic,CZ
669,1. Liga Women,League,Czech-Republic,CZ
670,Community Shield Women,Cup,England,GB-ENG
671,Úrvalsdeild Women,League,Iceland,IS
672,David Kipiani Cup,Cup,Georgia,GE
673,Liga MX Femenil,League,Mexico,MX
674,Cupa,Cup,Moldova,MD
675,U21 Divisie 1,League,Netherlands,NL
676,Central Youth League,League,Poland,PL
678,Super Cup,Cup,Ukraine,UA
679,U21 League,League,Ukraine,UA
680,Cup,Cup,Slovakia,SK
681,Campeonato de Portugal Prio - Group E,League,Portugal,PT
682,Campeonato de Portugal Prio - Group F,League,Portugal,PT
683,Campeonato de Portugal Prio - Group G,League,Portugal,PT
684,Campeonato de Portugal Prio - Group H,League,Portugal,PT
685,3. liga - CFL B,League,Czech-Republic,CZ
686,4. liga - Divizie F,League,Czech-Republic,CZ
687,Regionalliga - Tirol,League,Austria,AT
688,Regionalliga - Salzburg,League,Austria,AT
689,Third Amateur Division - ACFF A,League,Belgium,BE
690,Third Amateur Division - ACFF B,League,Belgium,BE
691,Provincial - Brabant ACFF,League,Belgium,BE
692,Primera División RFEF - Group 5,League,Spain,ES
475,Paulista - A1,League,Brazil,BR
476,Paulista - A2,League,Brazil,BR
477,Gaúcho - 1,League,Brazil,BR
478,Gaúcho - 2,League,Brazil,BR
479,Canadian Premier League,League,Canada,CA
483,Copa de la Superliga,Cup,Argentina,AR
500,FA Cup,Cup,Malaysia,MY
693,Gamma Ethniki - Group 9,League,Greece,GR
694,Gamma Ethniki - Group 10,League,Greece,GR
695,U18 Premier League - North,League,England,GB-ENG
696,U18 Premier League - South,League,England,GB-ENG
697,WSL Cup,Cup,England,GB-ENG
699,Women's Championship,League,England,GB-ENG
700,Kakkosen Cup,Cup,Finland,FI
701,Liga Revelação U23,League,Portugal,PT
702,Premier League 2 Division One,League,England,GB-ENG
703,Professional Development League,League,England,GB-ENG
704,Coppa Italia Primavera,Cup,Italy,IT
705,Campionato Primavera - 1,League,Italy,IT
706,Campionato Primavera - 2,League,Italy,IT
707,Cup,Cup,Albania,AL
708,Super Cup,Cup,Albania,AL
709,Cup,Cup,Armenia,AM
710,Nacional B,League,Bolivia,BO
711,Segunda División,League,Chile,CL
712,Liga Femenina,League,Colombia,CO
713,Superliga,Cup,Colombia,CO
715,DFB Junioren Pokal,Cup,Germany,DE
717,I-League - 2nd Division,League,India,IN
719,Super Cup,Cup,Kuwait,KW
720,Emir Cup,Cup,Kuwait,KW
721,Cup,Cup,Luxembourg,LU
722,Liga Premier Serie A,League,Mexico,MX
723,Cup,Cup,Montenegro,ME
724,U18 Divisie 1,League,Netherlands,NL
726,Sultan Cup,Cup,Oman,OM
727,Super Cup,Cup,Poland,PL
728,Liga 1 Feminin,League,Romania,RO
729,Coppa Titano,Cup,San-Marino,SM
730,Football League - Highland League,League,Scotland,GB-SCT
731,Football League - Lowland League,League,Scotland,GB-SCT
732,Cup,Cup,Serbia,RS
733,I Liga - Women,League,Slovakia,SK
734,Diski Challenge,League,South-Africa,ZA
735,Copa Federacion,Cup,Spain,ES
737,Svenska Cupen - Women,Cup,Sweden,SE
738,League Cup,Cup,Wales,GB-WLS
739,AXA Women’s Super League,League,Switzerland,CH
740,Brasileiro U20 A,Cup,Brazil,BR
741,Brasileiro de Aspirantes,Cup,Brazil,BR
742,Copa Paulista,Cup,Brazil,BR
744,Oberliga - Schleswig-Holstein,League,Germany,DE
745,Oberliga - Hamburg,League,Germany,DE
746,Oberliga - Mittelrhein,League,Germany,DE
747,Oberliga - Westfalen,League,Germany,DE
748,Oberliga - Niedersachsen,League,Germany,DE
749,Oberliga - Bremen,League,Germany,DE
750,Oberliga - Hessen,League,Germany,DE
751,Oberliga - Niederrhein,League,Germany,DE
752,Oberliga - Rheinland-Pfalz / Saar,League,Germany,DE
753,Oberliga - Baden-Württemberg,League,Germany,DE
754,Oberliga - Nordost-Nord,League,Germany,DE
755,Oberliga - Nordost-Süd,League,Germany,DE
756,Cup,Cup,Macedonia,MK
757,Irish Cup,Cup,Northern-Ireland,GB-NIR
758,Premier Division,League,Gibraltar,GI
759,Liga Mayor,League,Dominican-Republic,DO
760,LFA First Division,League,Liberia,LR
761,Cup,Cup,Liechtenstein,LI
762,Premier League,League,Mauritania,MR
763,Mauritian League,League,Mauritius,MU
764,Premier League,League,Mongolia,MN
765,PFL,League,Philippines,PH
767,CONCACAF League,Cup,World,
771,COSAFA U20 Championship,Cup,World,
774,3. Division - Girone 1,League,Norway,NO
775,3. Division - Girone 2,League,Norway,NO
776,3. Division - Girone 3,League,Norway,NO
777,3. Division - Girone 4,League,Norway,NO
778,3. Division - Girone 5,League,Norway,NO
779,3. Division - Girone 6,League,Norway,NO
780,III Liga - Group 1,League,Poland,PL
781,III Liga - Group 2,League,Poland,PL
782,III Liga - Group 3,League,Poland,PL
783,III Liga - Group 4,League,Poland,PL
784,Liga III - Serie 1,League,Romania,RO
785,Liga III - Serie 2,League,Romania,RO
786,Liga III - Serie 3,League,Romania,RO
787,Liga III - Serie 4,League,Romania,RO
788,Liga III - Serie 5,League,Romania,RO
789,Liga III - Serie 6,League,Romania,RO
790,Liga III - Serie 7,League,Romania,RO
791,Liga III - Serie 8,League,Romania,RO
792,Liga III - Serie 9,League,Romania,RO
793,Liga III - Serie 10,League,Romania,RO
794,3. SNL - East,League,Slovenia,SI
795,3. SNL - West,League,Slovenia,SI
796,2. Liga Interregional - Group 1,League,Switzerland,CH
797,2. Liga Interregional - Group 2,League,Switzerland,CH
798,2. Liga Interregional - Group 3,League,Switzerland,CH
799,2. Liga Interregional - Group 4,League,Switzerland,CH
800,2. Liga Interregional - Group 5,League,Switzerland,CH
801,2. Liga Interregional - Group 6,League,Switzerland,CH
802,Cup,Cup,Uzbekistan,UZ
809,Super Cup,Cup,Andorra,AD
810,Super Copa,Cup,Argentina,AR
811,Federation Cup,Cup,Bangladesh,BD
813,Elite Two,League,Cameroon,CM
816,Shield Cup,Cup,Jordan,JO
817,Super Cup Primavera,Cup,Italy,IT
819,Super Cup,Cup,Kosovo,XK
820,Crown Prince Cup,Cup,Kuwait,KW
821,FA Trophy,Cup,Malta,MT
822,Cup,Cup,Morocco,MA
828,Ligue 2,League,Tunisia,TN
829,Youth League,League,Turkmenistan,TM
830,Super Cup,Cup,Uzbekistan,UZ
832,Coupe de la Ligue,Cup,Algeria,DZ
837,Rock Cup,Cup,Gibraltar,GI
838,Super Cup,Cup,Jordan,JO
840,Taça Revelação U23,Cup,Portugal,PT
841,QFA Cup,Cup,Qatar,QA
843,Copa Verde,Cup,Brazil,BR
844,Ligue 1,League,Congo,CD
845,GFA League,League,Gambia,GM
847,Premier League,League,Eswatini,SZ
849,Baltic Cup,Cup,World,
532,AFC U23 Asian Cup,Cup,World,
536,CONCACAF Nations League,Cup,World,
538,Africa Cup of Nations U20,Cup,World,
540,CONMEBOL Libertadores U20,Cup,World,
541,CONMEBOL Recopa,Cup,World,
542,Iraqi League,League,Iraq,IQ
548,Super Cup,Cup,Japan,JP
549,Damallsvenskan,League,Sweden,SE
558,Supercopa,Cup,Peru,PE
562,Reserve League,League,Belarus,BY
863,Cup,Cup,Jordan,JO
881,Olympics Men - Qualification Concacaf,Cup,World,
882,Olympics Women - Qualification Asia,Cup,World,
885,Campeones Cup,Cup,World,
851,Carioca A2,League,Brazil,BR
852,Super Cup,Cup,Cyprus,CY
853,Supercopa de Ecuador,Cup,Ecuador,EC
854,WE League,League,Japan,JP
855,Dhivehi Premier League,League,Maldives,MV
856,CONCACAF Caribbean Club Championship,Cup,World,
857,Campeón de Campeones,Cup,Mexico,MX
858,CONCACAF Gold Cup - Qualification,Cup,World,
859,COSAFA Cup,Cup,World,
860,Arab Cup,Cup,World,
861,U20 League,League,Mexico,MX
862,3. Division,League,Denmark,DK
864,Supercopa,Cup,Costa-Rica,CR
865,Liga 3,League,Portugal,PT
866,MLS All-Star,Cup,USA,US
891,Coppa Italia Serie C,Cup,Italy,IT
868,Premier League,League,Pakistan,PK
869,CECAFA Club Cup,Cup,World,
870,Premier League,League,Crimea,UA
871,Premier League Cup,Cup,England,GB-ENG
872,Liga Premier Serie B,League,Mexico,MX
873,Thai Champions Cup,Cup,Thailand,TH
874,Australia Cup,Cup,Australia,AU
875,Segunda División RFEF - Group 1,League,Spain,ES
876,Segunda División RFEF - Group 2,League,Spain,ES
877,Segunda División RFEF - Group 3,League,Spain,ES
878,Segunda División RFEF - Group 4,League,Spain,ES
879,Segunda División RFEF - Group 5,League,Spain,ES
880,World Cup - Women - Qualification Europe,Cup,World,
883,Reserve League,League,Netherlands,NL
884,Super Cup,Cup,San-Marino,SM
887,Second League,League,Egypt,EG
888,Second League - Group B,League,Egypt,EG
889,Second League - Group C,League,Egypt,EG
890,U20 Elite League,Cup,World,
892,Coppa Italia Serie D,Cup,Italy,IT
867,Copa Paulino Alcantara,League,Philippines,PH
895,League Cup,Cup,Egypt,EG
896,Super Cup,Cup,United-Arab-Emirates,AE
898,League Cup,Cup,Thailand,TH
902,Algarve Cup,Cup,World,
903,The Atlantic Cup,Cup,World,
905,Super Cup,Cup,Iran,IR
910,Youth Viareggio Cup,Cup,World,
36,Africa Cup of Nations - Qualification,Cup,World,
725,Toppserien,League,Norway,NO
736,Elitettan,League,Sweden,SE
743,UEFA Championship - Women,Cup,World,
812,Super Cup,Cup,Belarus,BY
814,Reykjavik Cup,Cup,Iceland,IS
815,Fotbolti.net Cup A,Cup,Iceland,IS
818,Super Cup,Cup,Kazakhstan,KZ
823,Nasjonal U19 Champions League,Cup,Norway,NO
824,Emir Cup,Cup,Qatar,QA
825,Qatar Cup,Cup,Qatar,QA
826,Super Cup,Cup,Saudi-Arabia,SA
831,Super Cup,Cup,Vietnam,VN
833,Queensland Premier League,League,Australia,AU
834,South Australia State League 1,League,Australia,AU
835,New South Wales NPL 2,League,Australia,AU
836,Victoria NPL 2,League,Australia,AU
839,Super Cup,Cup,Lithuania,LT
842,Super Copa,Cup,Uruguay,UY
846,Somali Premier League,League,Somalia,SO
848,UEFA Europa Conference League,Cup,World,
893,UEFA U19 Championship - Qualification,Cup,World,
894,Asian Cup Women - Qualification,Cup,World,
897,Asian Cup Women,Cup,World,
899,League Cup,Cup,Finland,FI
900,Tipsport Malta Cup,Cup,World,
901,Ykköscup,Cup,Finland,FI
904,SheBelieves Cup,Cup,World,
906,Reserve League,League,Argentina,AR
907,Primera Division,League,Cuba,CU
908,ASEAN Championship U23,Cup,World,
909,MLS Next Pro,League,USA,US
911,Southeast Asian Games,Cup,World,
912,CONCACAF Women U17,Cup,World,
913,CONMEBOL - UEFA Finalissima,Cup,World,
914,Tournoi Maurice Revello,Cup,World,
915,1. Division Women,League,Norway,NO
916,Kirin Cup,Cup,World,
917,Copa Ecuador,Cup,Ecuador,EC
918,UEFA U19 Championship - Women,Cup,World,
919,Mediterranean Games,Cup,World,
920,World Cup - U20 - Women,Cup,World,
921,UEFA U17 Championship,Cup,World,
922,Africa Cup of Nations - Women,Cup,World,
923,League 1 Ontario,League,Canada,CA
924,Piala Presiden,Cup,Indonesia,ID
926,Copa America Femenina,Cup,World,
927,World Cup - Women - Qualification Concacaf,Cup,World,
928,ASEAN Championship U19,Cup,World,
929,League Two,League,China,CN
930,Copa Uruguay,Cup,Uruguay,UY
886,UEFA U17 Championship - Qualification,Cup,World,
961,Supercopa,Cup,Paraguay,PY
962,Premier League,League,Lesotho,LS
966,Cup,Cup,Ghana,GH
967,Cup,Cup,Lebanon,LB
968,Championnat D1,League,Gabon,GA
971,Shield Cup,Cup,Kenya,KE
975,Serie C - Relegation - Play-offs,League,Italy,IT
976,Serie C - Promotion - Play-offs,League,Italy,IT
974,Serie C - Supercoppa Lega Finals,League,Italy,IT
977,Tercera División RFEF - Promotion - Play-offs,League,Spain,ES
978,2nd Division - Play-offs,League,Albania,AL
979,Provincial - Play-offs VV,League,Belgium,BE
980,Provincial - Play-offs ACFF,League,Belgium,BE
981,Third Amateur Division - Play-offs,League,Belgium,BE
982,Denmark Series - Promotion Round,League,Denmark,DK
983,Denmark Series - Relegation Round,League,Denmark,DK
984,National League - North - Play-offs,League,England,GB-ENG
985,National League - South - Play-offs,League,England,GB-ENG
986,Non League Div One - Play-offs,League,England,GB-ENG
987,U18 Premier League - Championship,League,England,GB-ENG
988,Oberliga - Promotion Round,League,Germany,DE
989,Oberliga - Relegation Round,League,Germany,DE
990,Gamma Ethniki - Promotion Group,League,Greece,GR
991,Campeonato de Portugal Prio - Promotion Round,League,Portugal,PT
992,Football League - Championship,League,Scotland,GB-SCT
993,Non League Premier - Isthmian - Play-offs,League,England,GB-ENG
994,Non League Premier - Northern - Play-offs,League,England,GB-ENG
995,Non League Premier - Southern South - Play-offs,League,England,GB-ENG
996,Non League Premier - Southern Central - Play-offs,League,England,GB-ENG
997,Serie D - Promotion - Play-offs,League,Italy,IT
998,Serie D - Relegation - Play-offs,League,Italy,IT
999,Serie D - Championship Round,League,Italy,IT
1000,Segunda División RFEF - Play-offs,League,Spain,ES
1002,Regionalliga - Promotion Play-offs,League,Germany,DE
1003,Regionalliga - Relegation Round,League,Germany,DE
1004,Derde Divisie - Relegation Round,League,Netherlands,NL
1005,1. Liga Classic - Play-offs,League,Switzerland,CH
1006,Primera División RFEF - Play Offs,League,Spain,ES
1007,3. Lig - Play-offs,League,Turkey,TR
1009,Liga III - Play-offs,League,Romania,RO
1010,3. liga - Promotion Play-off,League,Czech-Republic,CZ
1011,Second Amateur Division - Play-offs ,League,Belgium,BE
1014,Second League - Play-offs,League,Egypt,EG
1016,CAC Games,Cup,World,
931,Non League Premier - Southern Central,League,England,GB-ENG
932,Non League Div One - Northern East,League,England,GB-ENG
933,Non League Div One - Southern Central,League,England,GB-ENG
934,Arab Championship - U20,Cup,World,
935,Diski Shield,Cup,South-Africa,ZA
936,Catarinense - 2,League,Brazil,BR
937,Emirates Cup,Cup,World,
938,Oberliga - Bayern Nord,League,Germany,DE
939,Oberliga - Bayern Süd,League,Germany,DE
940,COTIF Tournament,Cup,World,
941,Islamic Solidarity Games,Cup,World,
944,Super Cup,Cup,Oman,OM
945,International Champions Cup - Women,Cup,World,
946,Second NL,League,Croatia,HR
947,DFB Pokal - Women,Cup,Germany,DE
948,1a Divisão - Women,League,Portugal,PT
949,CONMEBOL Libertadores Femenina,Cup,World,
950,World Cup - U17 - Women,Cup,World,
951,South American Youth Games,Cup,World,
952,AFC U23 Asian Cup - Qualification,Cup,World,
953,Africa U23 Cup of Nations - Qualification,Cup,World,
954,National League - Central,League,New-Zealand,NZ
955,National League - National,League,New-Zealand,NZ
956,National League - Northern,League,New-Zealand,NZ
957,National League - Southern,League,New-Zealand,NZ
958,Copa Costa Rica,Cup,Costa-Rica,CR
959,Cup,Cup,Singapore,SG
960,Euro Championship - Qualification,Cup,World,
963,CONCACAF U17,Cup,World,
964,Copa de la División Profesional,Cup,Bolivia,BO
965,AFC U20 Asian Cup,Cup,World,
969,Primeira Divisão,League,Macao,MO
970,CONMEBOL - U17,Cup,World,
972,Super Cup,Cup,China,CN
973,CAF Cup of Nations - U17,Cup,World,
1008,CAFA Nations Cup,Cup,World,
1012,AFC U17 Asian Cup,Cup,World,
1013,All-Island Cup - Women,Cup,World,
1015,CAF U23 Cup of Nations,Cup,World,
1017,U23 League,League,Mexico,MX
1018,Federation Cup,Cup,Lebanon,LB
1019,Charity Shield,Cup,Northern-Ireland,GB-NIR
1020,Calcutta Premier Division,League,India,IN
1021,Super Cup,Cup,Croatia,HR
1022,Premier League - Summer Series,League,England,GB-ENG
1023,NB III - Southeast,League,Hungary,HU
1024,UEFA - CONMEBOL - Club Challenge,Cup,World,
1025,Second League A - Fall Season Gold,League,Russia,RU
1026,Second League A - Fall Season Silver,League,Russia,RU
1027,3. Lig - Group 4,League,Turkey,TR
1028,Concacaf Central American Cup,Cup,World,
1029,National 3 - Group G,League,France,FR
1030,Goiano - 2,League,Brazil,BR
1031,Premier League,League,Bhutan,BT
1032,Copa de la Liga Profesional,League,Argentina,AR
1033,Ekstraliga Women,League,Poland,PL
1034,2. Frauen Bundesliga,League,Germany,DE
1035,Copa Rio,Cup,Brazil,BR
1036,Copa Santa Catarina,Cup,Brazil,BR
1037,Paraibano 2,League,Brazil,BR
1038,King's Cup,Cup,World,
1039,Premier League International Cup,Cup,World,
1040,UEFA Nations League - Women,Cup,World,
1041,Júniores U19,League,Portugal,PT
1042,Super Cup,Cup,Gibraltar,GI
1043,African Football League,Cup,World,
1044,Erste Liga Cup,Cup,Switzerland,CH
1045,Pan American Games,Cup,World,
1048,Premier Division,League,Antigua-And-Barbuda,AG
1049,King's Cup,Cup,Bahrain,BH
1050,Super Cup,Cup,Malta,MT
1052,Kakkonen - Play-offs,League,Finland,FI
1053,Division 2 - Play-offs,League,Sweden,SE
1054,2. Division - Play-offs,League,Norway,NO
1055,Ettan - Relegation Round,League,Sweden,SE
1056,National League - Championship - Final,League,New-Zealand,NZ
1058,Supercopa Femenina,Cup,Spain,ES
1061,Second League A - Spring Season Gold,League,Russia,RU
1064,Second League A - Spring Season Silver,League,Russia,RU
1065,U19 League,League,Ukraine,UA
1068,FA Youth Cup,Cup,England,GB-ENG
1072,All Africa Games,Cup,World,
1074,SWPL Cup,Cup,Scotland,GB-SCT
1078,SWF Scottish Cup,Cup,Scotland,GB-SCT
1079,Yemeni League,League,Yemen,YE
1080,Premier Division,League,Grenada,GD
1084,Championnat National,League,Togo,TG
1099,Gamma Ethniki - Relegation Play-offs,League,Greece,GR
1109,Super Cup,Cup,Bahrain,BH
1111,NB III - Promotion Play-offs,League,Hungary,HU
1121,Second League A - Promotion Play-offs,League,Russia,RU
850,UEFA U21 Championship - Qualification,Cup,World,
1060,CONMEBOL - Pre-Olympic Tournament,Cup,World,
1062,Paulista - A4,League,Brazil,BR
1063,Copa Alagoas,Cup,Brazil,BR
1066,CONCACAF U20 - Qualification,Cup,World,
1067,Torneo Promocional Amateur,League,Argentina,AR
1069,Goiano U20,League,Brazil,BR
1070,AFC U20 Asian Cup - Women,Cup,World,
1071,Paranaense U20,League,Brazil,BR
1073,Baiano U20,League,Brazil,BR
1075,Pro League A,League,Uzbekistan,UZ
1076,Catarinense U20,League,Brazil,BR
1077,WAFF Championship U23,Cup,World,
1081,CONMEBOL - U17 Femenino,Cup,World,
1082,Copa Rio U20,Cup,Brazil,BR
1085,CONMEBOL U20 Femenino,Cup,World,
1086,Paulista - U20,League,Brazil,BR
1087,Ykkösliiga,League,Finland,FI
1088,Pernambucano - U20,League,Brazil,BR
1089,UAE-Qatar - Super Shield,Cup,World,
1090,NNSW League 1,League,Australia,AU
1091,Tasmania Northern Championship,League,Australia,AU
1092,Capital Territory NPL 2,League,Australia,AU
1093,Tasmania Southern Championship,League,Australia,AU
1094,Western Australia State League 1,League,Australia,AU
1095,USL League One Cup,League,USA,US
1096,Matogrossense 2,League,Brazil,BR
1097,Copa Espírito Santo,Cup,Brazil,BR
1098,Paulista Série B,League,Brazil,BR
1100,Brasiliense U20,League,Brazil,BR
1101,AFC U17 Asian Cup - Women,Cup,World,
1102,UEFA U17 Championship - Women,Cup,World,
1103,Premiership Women,League,Northern-Ireland,GB-NIR
1104,Liga 3,League,Georgia,GE
1105,Olympics - Intercontinental Play-offs,Cup,World,
1106,Carioca C,League,Brazil,BR
1107,Mineiro U20,League,Brazil,BR
1108,Sergipano U20,League,Brazil,BR
1110,Alagoano U20,League,Brazil,BR
1112,Cearense U20,League,Brazil,BR
1113,Copa Venezuela,Cup,Venezuela,VE
1114,Carioca U20,League,Brazil,BR
1115,Paraense A3,League,Brazil,BR
1116,WPSL,League,USA,US
1117,USL W League,League,USA,US
1118,NPSL,League,USA,US
1119,NWSL - Liga MXF Summer Cup,League,USA,US
1120,Paraibano U20,League,Brazil,BR
1122,OFC U19 Championship,Cup,World,
1123,Qatar-UAE Super Cup,Cup,World,
1124,Cearense - 3,League,Brazil,BR
1125,Pernambucano - 2,League,Brazil,BR
1126,Esiliiga B,League,Estonia,EE
1127,Chatham Cup,Cup,New-Zealand,NZ
1001,CONCACAF Women U20,Cup,World,
1170,MFL Cup,Cup,Malaysia,MY
1171,Coppa Italia Women,Cup,Italy,IT
1173,Challenge Cup,Cup,Malta,MT
1174,Hun Sen Cup,Cup,Cambodia,KH
1178,Super Copa International,Cup,Argentina,AR
1190,Super Cup Women,Cup,Netherlands,NL
1046,CONCACAF Gold Cup - Qualification - Women,Cup,World,
1047,Olympics Women - Qualification CAF,Cup,World,
1051,HKPL Cup,Cup,Hong-Kong,HK
1057,CONCACAF Gold Cup - Women,Cup,World,
1059,Recopa Catarinense,Cup,Brazil,BR
1128,Brasileiro U17,League,Brazil,BR
1129,ASEAN Club Championship,Cup,World,
1130,USL Super League,League,USA,US
1131,Super Cup,League,Mongolia,MN
1132,AFC Challenge League,Cup,World,
1133,Goiano - 3,League,Brazil,BR
1134,Amazonense - 2,League,Brazil,BR
1135,Sergipano - 2,League,Brazil,BR
1136,CONCACAF W Champions Cup,Cup,World,
1137,Supercup der Frauen,League,Germany,DE
1138,Paranaense - 3,League,Brazil,BR
1139,Potiguar - U20,League,Brazil,BR
1140,AFC Women's Champions League,Cup,World,
1141,Brasiliense B,League,Brazil,BR
1142,Mineiro - 3,League,Brazil,BR
1143,Estadual Junior U20,League,Brazil,BR
1144,Super Cup,Cup,Ghana,GH
1168,FIFA Intercontinental Cup,Cup,World,
1145,Paraense B1,League,Brazil,BR
1146,Alagoano - 2,Cup,Brazil,BR
1148,Maranhense - 2,League,Brazil,BR
1149,Potiguar - 2,League,Brazil,BR
1150,Gaúcho - 3,League,Brazil,BR
1151,Pernambucano - 3,League,Brazil,BR
1152,U19 Divisie 1,League,Netherlands,NL
1153,AFC U20 Asian Cup - Qualification,Cup,World,
1154,Catarinense - 3,League,Brazil,BR
1155,Carioca B2,League,Brazil,BR
1156,National League Cup,Cup,England,GB-ENG
1157,Paraense U20,League,Brazil,BR
1158,Copa Gaúcha,Cup,Brazil,BR
1159,CECAFA U20 Championship,Cup,World,
1160,Sapling Cup,Cup,Hong-Kong,HK
1161,AFC U17 Asian Cup - Qualification,Cup,World,
1162,AGCFF Gulf Champions League,Cup,World,
1163,African Nations Championship - Qualification,Cup,World,
1164,CAF Women's Champions League,Cup,World,
1165,Copa Fares Lopes,Cup,Brazil,BR
1166,Super Cup,Cup,Cameroon,CM
1167,Recopa,Cup,Costa-Rica,CR
1147,Capixaba B,League,Brazil,BR
1169,EAFF E-1 Football Championship - Qualification,Cup,World,
1180,Copa LDF,Cup,Dominican-Republic,DO
1172,Torneo Amistoso de Verano,Cup,Bolivia,BO
1175,Women's President's Cup,Cup,Ireland,IE
1176,Super Cup,Cup,Latvia,LV
1177,Super Cup,Cup,Faroe-Islands,FO
1179,Copa do Brasil U17,Cup,Brazil,BR
1181,Supercopa,Cup,Venezuela,VE
1182,Northern Super League,League,Canada,CA
1183,Brasileiro U20 B,Cup,Brazil,BR
1184,Copa Grão Pará,Cup,Brazil,BR
1185,3. liga - Play-offs,League,Slovakia,SK
1186,FIFA Club World Cup - Play-In,Cup,World,
1187,Copa Nicaragua,Cup,Nicaragua,NI
1188,EAFF E-1 Football Championship - Women,Cup,World,
1083,UEFA Championship - Women - Qualification,Cup,World,
1189,Asean Championship Women,Cup,World,
1191,UEFA Europa Cup - Women,Cup,World,
1192,Super Cup,Cup,Angola,AO
1193,Super Cup,Cup,Kenya,KE
1194,Super Cup,Cup,Tunisia,TN
1195,Liga E Pare,League,Kosovo,XK
1196,Division One League,League,Ghana,GH
1197,FA Cup,Cup,Oman,OM
1198,Serie A Cup Women,Cup,Italy,IT
1199,League Cup,Cup,Hong-Kong,HK
1200,Liga MX U21,League,Mexico,MX
1201,IFA Shield,Cup,India,IN
1202,Australian Championship,Cup,Australia,AU
1203,Piauiense - 2,League,Brazil,BR
1204,Rondoniense - 2,League,Brazil,BR
1205,Kings Cup,Cup,Brazil,BR
1206,CONMEBOL Nations League Women,Cup,World,
1207,CONCACAF Series,Cup,World,
